"term","estimate","std.error","statistic","p.value","conf.low","conf.high"
"(Intercept)",-1.14303969361874,0.0192422576794369,-59.4025770084266,0,-1.18086402006998,-1.10543430481287
"agecat",-0.0135699826418176,0.00195821852085881,-6.92975911384307,4.21557819760415e-12,-0.0174126047116076,-0.00973642018709057
"valuecat",-0.0272197558767541,0.00205644546773399,-13.2363129992198,5.41422041272812e-40,-0.0312398427224217,-0.023178518249953
