"term","estimate","std.error","statistic","p.value","conf.low","conf.high"
"(Intercept)",0.28621116078126,0.000738897137081349,387.349126715793,0,0.28476174179245,0.28766094477429
"agecat",-7.0602375472555e-05,7.22122366905255e-05,-0.977706531583148,0.328233299871019,-0.000212128796157143,7.09360768811633e-05
"valuecat",0.212468259754637,7.98767977666751e-05,2659.94964364082,0,0.212311427177933,0.212625055766143
